Number	'5'' / V-segment / X-axis / columns'	'3'' / C-segment / Y-axis / rows'
01	ACTCGTAGCAACAGGT	CAACGTGAGACAACCA
02	TGGAACGAGTCTCTTC	ACGAGTTGACCATCCT
03	TCCTTCACGTTGTCAC	TGGTGATGGTACGTTC
04	ACGTAGTGTCGTACTC	TGGAAGTCGTTGTGTC
05	ACTGACGTTGTGGTAG	ACTCGATCCTACCACT
06	CAGAAGTGGAGAACGT	CTAGTCACGAACCAGT
07	CTAGTGGACAAGGACT	ACCTGTAGTGGACTGT
08	CATGGTAGGTACGTAG	AGGTTCGTCTGACAGT
09	ACGTACAGCACTACCT	ACGTACACTGGTCTAC
10	ACCAAGTCTCGAGTTG	CTTGCTGTACCTTCGT
11	AGTCCTACCACTGAGT	TGTGGTAGAGGTAGAG
12	AGTGTCGTTGCTTGGT	CAAGAGAGTGGTACCT
13	AGGACTTGGACAGTGT	TCAGTGTGGTAGGAAG
14	ACACACCTGTACGAAC	ACTGACCTGTTCTCGT
15	ACACACTCGTAGTCCT	TGGAAGACTCCTAGTG
16	AGACTGGAACACGAAC	AGTGTGGAACTCTCGT
17	AGTCCTAGTGGTTGTC	ACCTGTACCACAACTC
18	CTTCTCTGTGGTAGGT	ACACACGTCAACCTCT
19	CTACCTCACTTCGTGT	TGTCACAGGTAGGTTG
20	CTACCTGAACCACTGA	TCGTCACTAGTCCTTG
21	AGGTTCGACTCTGTAG	AGGTTCAGTCCTCTGT
22	ACAGGTGTTCGATGGT	AGTCCTCTGTCAAGGT
23	ACGAGTGTCTACGTGT	ACCAAGTCCTGTAGAC
24	TGCTACGTACCTCAAC	CTACCACTAGCAACCA
25	ACCTGAACGAGTCTTG	CTAGTCTCCAGTACCT
26	ACGTAGCACAACCTTG	ACCAAGAGACTCACGT
27	AGACTGACGTTGGTAC	AGACTCGACTTCCTTC
28	CAACGACTACCTTGCT	ACGTACTGGTCTTGAC
29	AGGACTACTGAGGAAC	ACTCGAGAAGTGGAAC
30	CTAGTCAGGTCAACGA	ACAGGAGAACGACTAC
31	AGTGTCCTAGTCGTCT	AGTCCTTCGATCTCCT
32	ACGTACCTAGAGCTGT	CTGTCTTCCTGTTCGT
33	ACTCGTTGGTACTCTC	AGGTTCGATGTGGACT
34	CTACCTACGAACTGAG	ACGTACAGCTTCGTTC
35	AGAGCTACCTACCTGT	CAAGAGTCACCAACGA
36	TGCTAGGTTCGAAGAG	CTAGTGGTCTCTTCCA
37	AGACTCGTTCACACGT	TGTGGTTCCTCTGTAG
38	CAACGTGTACAGTCGA	ACAGGAAGACGTAGCT
39	TGGAACTCCTACGATG	TCACCTACACGTCTAG
40	CAAGACGAGTTGACCT	CAACGACAACGAACTG
41	CTTCTCCACTACCAGA	CAACGTGTAGGACTAG
42	TGGAACCTCAGACTAG	ACGAGTCAAGTCAGGT
43	TGGTGTGTACGTGTAG	CAGAACGTAGAGACCA
44	CACTACAGGTGTTCCA	CAGAACTCCTAGAGGT
45	TGGAACCTCTAGTCGA	CAGTGAAGTCGTTCGT
46	ACGAGTAGTCTGGAGT	ACAGGAACGTCTCAAC
47	TCACCACAGTACCTTC	AGGACAAGAGAGACGT
48	ACCAACACTGCTAGGT	CTACCTACACGATCCT
49	CTCTTCACGTTCCTCA	TGGTGTAGGTCAGAAG
50	CTACCAGATCGTACGT	CAGAAGTCGTTCCAGA
51	ACGTAGCTTCCTGTAG	ACAGGAGTGTCAACCT
52	ACCAACCTAGTGAGAC	CAACGTTCTGACCTGA
53	ACAGGTCTAGGAACTC	ACCTGAAGACTCGTAG
54	TCGTCTACACACGTTC	CTACCTAGGATGACGT
55	AGACTCGTTGGTGTAC	AGTGTCCTACCTACTC
56	ACGAGAAGGTAGCTCT	AGGTTCACTCGAGAAG
57	TGACGAACCACACTTC	CTCTTCCATCGAACGA
58	ACAGGTCTACAGGTCT	TGACGAGTCTTCGAAC
59	ACCTGAAGGACAGACT	TGACGTACAGGAGAAC
60	TCCACAACCAGTGTAC	AGGTTGGTAGTGACTC
61	ACGTAGTCCTCTCTGT	ACTCGTCTGTTCCTAG
62	ACCTGAGAGTTCCTGT	CACAGTACACCTACGT
63	CACAGTTCCTTGTCGA	TGTGGTAGGAGAGTTC
64	CAACGTGTGTACCACT	ACAGGAGAAGAGTCGT
65	TGAGAGTGGAACCTAC	
66	AGTCCACTTCGATCCT	
67	AGACTGACGACAACGT	
68	CTACCACAACACCACT	
69	CTTCTCGAGTGTACCA	
70	TGGTGTACGAACTCAC	
71	TCCTTGTCGTGTTGTG	
72	ACAGGAACGATCTGGT	
