number	5' / V-segment / X-axis / columns	3' / C-segment / Y-axis / rows
1	CACAGAACTCGACTGA	TGAGAGTCGTCAAGAG
2	AGGACACTCACTCTCT	CACTACTGTCAGACCT
3	TCGTCATCGATCGTCT	CAACGACTGTCACTGA
4	TGCTAGTCACACAGGA	TGCAGTCTTCTCGTCA
5	TCAGTGCTAGCTACGA	CTGTCACTGTCTTGTG
6	CTAGTCTGTCTCTCGT	GAACTCTCACGTGTCA
7	GTGTAGTGCTGTAGCT	TCGATGCTAGTCTCCT
8	TGTCAGACCTAGAGCA	CACAGTGTACCACATC
9	TGTGGTACACTGCTAC	AGAGCTGTCTAGAGTC
10	CAGTGTAGACCAGTGA	CTCACTAGGTAGAGCA
11	GTGAGACACAAGCTAG	AGAGCTAGTCTCACTC
12	GTACACTGAGCTGTTG	ACTCGTACCATGTCAG
13	ACTGACACCTCATCAC	AGTGTCAGTGGTCACA
14	GAAGCTCTACGACAGT	TCAGTGAGTCGTCAAC
15	GACATCGATCGTTCAG	GAGTTCTCGTAGTGCA
16	ACGAGTGATCTCTCTC	GTGTAGGTAGCATGAC
17	TCGATGTCGTCTGTCA	CTTCTGACTGACTGTC
18	ACGAGAACACTGACAC	CACTACGTGTCTCTGT
19	AGCATCAGTCGTAGAC	TCCACTCTCATCTCGA
20	GTCAACTCAGTGTCAG	CTGATCGAACTGACTG
21	TGTCACGTAGCTAGCA	GTTGACGATCGACACA
22	AGAGCAACAGCTAGTC	GTGAGTAGCACAACGT
23	ACTGACCTACTGCACA	ACAGGAGTAGTCAGAG
24	TCGTCTGAAGCTGTGA	AGTGTGACGAGACAAC
25	TCTCTCACGATGGTCA	AGTCCTGTCACATCTC
26	GTCTGATCTCGTGTAG	CTAGTCAGAGTCAGTC
27	GTACACCAGACTCTCT	TGTCAGTCACGTTGCT
28	TCGTCAACTCTGTCTG	GTCTGTCTACCTGACT
29	TGTCAGACTGGTACAC	ACTGACGACTGACTTG
30	AGTGTGCTCTGTTGAC	CATCAGCTAGACGTTG
31	CTGATGTCGTCAACAC	CTCTTCAGACACACAG
32	GATCCTCAGTGACTCT	TCGATCACACACACCA
33	TCTGCTGAACGTGACT	GACATGACGTGTGAAC
34	CACAGTACGATGAGTG	CAGTGACAGTACCATG
35	GTCTGACTCTGTCTGT	GAGACTCTACAGGACA
36	CAACGAGTCACAGATG	GTACAGCTTGCACTAG
37	CAGTGATGGAGAGTAG	GACTCATCTCAGTGGT
38	CACTACTCTCTCTGTG	ACCTGACACATCGATC
39	AGCTCTGTTGTCGATC	AGTGTCCAGTGTCTGT
40	TGCTACGAACGAGTGA	ACAGGACATCAGAGTC
41	CTCACTGTACTCACCA	TGACGAGTTCTGACTG
42	GTTCGTGTCTCAGAGT	CTTGCTACGTCTACAG
43	CACTACTCCACATCGT	TGACGTAGACTCTCAG
44	TGCAGAGTTCGAGAGT	CTCTTGCTGTGTACTC
45	GTACAGGAGTGATGAG	GTGAGAACAGCTACTG
46	TCGTCAGACAGTCACA	GTCTGACATCCTACTC
47	TCGATCACGAGAAGAC	GAGTTGTCTCTGACGA
48	CAAGAGAGCTAGAGAG	TGTCACGAGAGTCAAG
49	GTGTACGATGCACTGT	GAGACTGATCCTAGAC
50	TCCACTAGACAGACTG	TGAGAGAGTGGAGTAG
51	CTGTCTGTACACCATG	TGCTACAGACGTTGTG
52	GATCCAGTACACAGTG	TCGATCTGTGTGACGT
53	GTCTGTGTTCTCTCGT	GTGAGTTGAGTCTCGA
54	CTGATCACACAGGTAC	AGCATCCAGTACGTCA
55	TGAGAGCAAGACGTGA	CTCACTACGACTCTCT
56	GTTGAGAGAGTGTCGT	ACTGACCTGACTCTAC
57	CAAGACTGCTCTACTC	TGCAGTTGTCACACGT
58	TGACGAAGCTACAGTG	AGGACTAGCTCACATC
59	TGTCACACGACTTGTC	ACTCGTACTGTCCATC
60	AGTGTGTGTCCATCAC	TCGATCGTGTACTCTC
61	GATGTCGTCACTTCAC	CTTGCATCACACGTAG
62	AGCATCTCGTTCACGT	CATCAGTCACGACAAG
63	TCAGTCTCTGGTAGTC	TCTCTGAGTGTCGTAC
64	CAGTGTAGGTCTAGCT	GTACAGACGTCACATC
65	AGCTCTACTGTGTCGT	GAGACTTCACACTCAG
66	CAGAACGAGATGCTAG	TCACCAGTCTCATCGA
67	ACACACTGGACTGACA	TCCACATCACGATCGA
68	CTTCTGTGACTGTGAG	ACTGACTCGACAAGCT
69	CATCACAGGTACACGT	TGGTGTCTCAGATCGT
70	TCTCTGTGACTCCACT	CAACGTAGACTGCTCT
71	CTTCTGAGCTCTAGAC	TGTGGTACAGCATCGT
72	TCGATCCACTCACTGA	GAGACTGTTGAGCTAG
73	TCGTCTTGCTCTGACT	TCGTCAACTGCACTCA
74	TGCAGACAGACAACGT	TGAGACGTGTAGCAGT
75	TCAGTGCAGTACTCCA	CTCACACTGAACACTG
76	TGAGACCATGTGTCGT	ACGTAGTCCATCTCAC
77	CTGATCACGTACAGTG	AGTGTGTCCTGAGTCT
78	TCTCTCACGTCAACTG	ACGTACGATGCTTCTG
79	GACATCAGCTGTACGT	TGAGAGTCAGTCACCT
80	TCGTCATCAGTGAGGA	CTGATGGACTAGTGAG
81	CACTACACAGTCACGA	TGACGTAGGACATGCT
82	AGACTCTCACGAACAC	ACACAGTCTCTGAGGT
83	TCGTCAGATGGATCGT	ACGTAGACGACTGATC
84	CTGTCTCTTGACGTGA	GACATCCTACTGCTCT
85	CACTAGACTCGATCAC	GTCTGTTCGTCTCATG
86	TCCACTACGACATCAG	TCACCATCGACTCTGA
87	TGTCAGTCGAAGTCAG	TGTCAGCTAGAGACGT
88	CACTACACGATGGACT	CTCACTGTAGCTGTTG
89	TGACGTCTCTGAGTTG	ACGAGAACAGCAGTGT
90	GACATGGTACGTCAGA	GTCTGAGTACAGGTGA
91	TCTGCTACGTCAGTCT	GTACACAGCTCATCCT
92	CTCACAAGTCTGTCGA	GACATCGACAAGTGCT
93	TCGATCTCTCGTCAGA	ACGAGTAGTGCAAGAC
94	CTACCACAGAGACTAG	TCTGCTGAGTGAACGA
95	AGACTGTCCTCATGTC	GTTGACGATGAGTGTG
96	TCTGCAAGTGTCACGA	GTGAGATGTGAGGTGT
