7183.1pg.1	VH
Q52.1pg.2	VH
7183.2.3	VH
Q52.2.4	VH
7183.3pg.5	VH
7183.4.6	VH
7183.5pg.7	VH
Q52.3.8	VH
7183.6pg.9	VH
7183.7.10	VH
VH7183.a8psi.11	VH
Q52.4pg.12	VH
Q52.5.13	VH
7183.8pg.14	VH
7183.9.15	VH
7183.10pg.16	VH
Q52.6pg.17	VH
Q52.7.18	VH
7183.11pg.19	VH
7183.12.20	VH
PG.2.21	VH
Q52.8.22	VH
7183.13pg.24	VH
7183.14.25	VH
7183.15pg.26	VH
7183.16.27	VH
Q52.9.29	VH
7183.17pg.31	VH
PG.6.32	VH
Q52.10.33	VH
VH7183.a45psi.73	VH
Q52.11.34	VH
7183.18.35	VH
7183.19.36	VH
7183.20.37	VH
7183.21pg.38	VH
Q52.12pg.39	VH
Q52.13.40	VH
PG.7.41	VH
S107.1.42	VH
S107.2pg.43	VH
SM7.1.44	VH
X24.1pg.45	VH
36-60.1.46	VH
PG.8.47	VH
VH11.1.48	VH
SM7.2.49	VH
X24.2.50	VH
36-60.2pg.51	VH
PG.9.52	VH
VH11.2.53	VH
SM7.3.54	VH
VH16.1.55	VH
VH3609N.a1psi.95	VH
VGAM3.8-1-57	VH
PG.11.58	VH
VGAM3.8-2-59	VH
PG.12.60	VH
VGAM3.8-3-61	VH
S107.3.62	VH
VH15.a1psi.107	VH
SM7.4.63	VH
36-60.3.64	VH
S107.4.65	VH
36-60.4.66	VH
36-60.5.67	VH
3609N.1pg.68	VH
PG.13.69	VH
36-60.6.70	VH
VGAM3.8-4-71	VH
36-60.7pg.72	VH
PG.14.73	VH
36-60.8.74	VH
PG.15.75	VH
PG.16.76	VH
3609N.2.77	VH
VH12.1.78	VH
J606.1.79	VH
J606.2.80	VH
J606.3.81	VH
J606.4.82	VH
J606.5.83	VH
3609.1.84	VH
J558.1.85	VH
VH10.1.86	VH
PG.17.87	VH
J558.2.88	VH
VH10.2pg.89	VH
J558.3.90	VH
VH10.3.91	VH
PG.18.92	VH
J558.4.93	VH
J558.5pg.94	VH
VH15.1.95	VH
J558.6.96	VH
J558.7pg.97	VH
J558.8.98	VH
J558.9.99	VH
J558.10pg.100	VH
J558.11pg.101	VH
J558.12.102	VH
J558.13.103	VH
J558.14pg.104	VH
J558.15pg.105	VH
J558.16.106	VH
J558.17pg.107	VH
J558.18.108	VH
J558.19.109	VH
J558.20pg.110	VH
J558.21pg.111	VH
J558.22.112	VH
J558.23.113	VH
J558.24pg.114	VH
J558.25pg.115	VH
J558.26.116	VH
J558.27pg.117	VH
J558.28pg.118	VH
J558.29pg.119	VH
J558.30pg.120	VH
J558.31.121	VH
J558.32pg.122	VH
J558.33pg.123	VH
J558.34.124	VH
J558.35pg.125	VH
J558.36.126	VH
J558.37.127	VH
J558.38pg.128	VH
J558.39.129	VH
J558.40pg.130	VH
J558.41pg.131	VH
J558.42.132	VH
J558.43.133	VH
J558.44pg.134	VH
J558.45pg.135	VH
J558.46pg.136	VH
J558.47.137	VH
3609.2pg.138	VH
3609.3.139	VH
J558.48pg.140	VH
J558.49.141	VH
3609.4.142	VH
J558.50.143	VH
J558.51pg.144	VH
J558.52.145	VH
J558.53.146	VH
3609.5.147	VH
J558.54.148	VH
J558.55.149	VH
J558.56.150	VH
3609.6pg.151	VH
J558.57pg.152	VH
3609.7.153	VH
J558.58.154	VH
J558.59.155	VH
J558.60pg.156	VH
J558.61.157	VH
J558.62pg.158	VH
J558.63pg.159	VH
3609.8pg.160	VH
J558.64.162	VH
J558.65.163	VH
3609.9.164	VH
J558.66.165	VH
J558.67.166	VH
3609.10pg.167	VH
J558.68pg.168	VH
3609.11.169	VH
J558.69.170	VH
J558.70pg.171	VH
J558.71pg.172	VH
J558.72.173	VH
3609.12.174	VH
J558.73pg.175	VH
J558.74.176	VH
J558.75.177	VH
3609.13pg.178	VH
J558.76pg.179	VH
J558.77.180	VH
3609.14pg.181	VH
J558.78.182	VH
3609.15pg.183	VH
J558.79.184	VH
3609.16pg.185	VH
J558.80.186	VH
J558.81.187	VH
J558.82pg.188	VH
J558.83.189	VH
J558.84.190	VH
J558.85.191	VH
J558.86.192	VH
J558.87.193	VH
J558.88.194	VH
J558.89pg.195	VH
hf24	VK
bc1r	VK
bd2	VK
cx9	VK
bk20	VK
bj2	VK
bi2	VK
bh2	VK
cb9	VK
cj9	VK
cl9	VK
bw20	VK
co9	VK
br9	VK
if11	VK
cw9	VK
cy9	VK
bl1	VK
bt20	VK
bv9	VK
bp9	VK
bq9	VK
ie11	VK
cr1	VK
hk24	VK
cz1	VK
ic11	VK
ha24	VK
hg24	VK
ba9	VK
bb1	VK
he24	VK
cq1	VK
ia11	VK
hd24	VK
RF	VK
gr32	VK
gs32	VK
gl32	VK
cf9	VK
cv1	VK
ci12	VK
gk32	VK
ce9	VK
by9	VK
cp9	VK
gj38c	VK
ay4	VK
kf4	VK
an4	VK
fl12	VK
cs1	VK
gp33	VK
kb4	VK
gn33	VK
gm33	VK
kg4	VK
gq33	VK
ag4	VK
af4	VK
ae4	VK
ad4	VK
aj4	VK
ga33	VK
ka4	VK
ai4	VK
ah4	VK
am4	VK
al4	VK
kn4	VK
km4	VK
aq4	VK
fg12	VK
fr12	VK
ki4	VK
gu33	VK
ac4	VK
ab4	VK
aa4	VK
kk4	VK
kl4	VK
kj4	VK
4-57	VK
ap4	VK
ao4	VK
at4	VK
ar4	VK
kh4	VK
4-51	VK
4-50	VK
12-49	VK
23-48	VK
12-47	VK
12-46	VK
23-45	VK
12-44	VK
23-43	VK
12-42	VK
12-41	VK
12-40	VK
23-39	VK
12-38	VK
23-37	VK
dv-36	VK
2-35	VK
8-34	VK
22-33	VK
19-32	VK
8-31	VK
8-30	VK
19-29	VK
8-28	VK
8-27	VK
8-26	VK
19-25	VK
8-24	VK
8-23b	VK
19-23	VK
8-22	VK
8-21	VK
19-20	VK
8-19	VK
8-18	VK
19-17	VK
8-16	VK
19-15	VK
19-14	VK
19-13	VK
21-12	VK
21-11	VK
21-10	VK
21-9	VK
21-8	VK
21-7	VK
21-6	VK
21-5	VK
21-4	VK
21-3	VK
21-2	VK
21-1	VK
VL1	VL
VL2	VL
VLx	VL
DQ52-C57BL6	DH
DST4-C57BL6	DH
DSP2.5	DH
DSP2.3	DH
DSP2.4	DH
DSP2.x	DH
DSP2.x	DH
DSP2.2	DH
DSP2.9	DH
DFL16.1	DH
DST4.2	DH
DFL16.3	DH
JH1	JH
JH2	JH
JH3	JH
JH4	JH
JK1	JK
JK2	JK
JK3	JK
JK4	JK
JK5	JK
JL1	JL
JL3p	JL
JL3	JL
JL4	JL
JL2	JL
